{
  "project_info": {
    "project_number": "226468220297",
    "project_id": "fall-aa410",
    "storage_bucket": "fall-aa410.appspot.com"
  },
  "client": [
    {
      "client_info": {
        "mobilesdk_app_id": "1:226468220297:android:23a12ca89e5e0ab3836558",
        "android_client_info": {
          "package_name": "com.example.fall"
        }
      },
      "oauth_client": [
        {
          "client_id": "226468220297-n9k0bkmcc1v7ij53k9nsgurcknel5lpr.apps.googleusercontent.com",
          "client_type": 3
        }
      ],
      "api_key": [
        {
          "current_key": "AIzaSyCmzSoYShd9huQItRXIeARjeo5IZAhAzds"
        }
      ],
      "services": {
        "appinvite_service": {
          "other_platform_oauth_client": [
            {
              "client_id": "226468220297-n9k0bkmcc1v7ij53k9nsgurcknel5lpr.apps.googleusercontent.com",
              "client_type": 3
            }
          ]
        }
      }
    }
  ],
  "configuration_version": "1"
}